{
    "numerical_stats": {
        "u_credits": {
            "count": 165.0,
            "mean": 4116.666666666667,
            "std": 1684.1018932926445,
            "min": 800.0,
            "25%": 3400.0,
            "50%": 4100.0,
            "75%": 5000.0,
            "max": 8850.0,
            "sum": 679250
        },
        "t1_credits": {
            "count": 165.0,
            "mean": 4106.666666666667,
            "std": 1792.5534768814218,
            "min": 100.0,
            "25%": 3300.0,
            "50%": 4000.0,
            "75%": 5000.0,
            "max": 9000.0,
            "sum": 677600
        },
        "t2_credits": {
            "count": 165.0,
            "mean": 4029.3939393939395,
            "std": 1674.467406032582,
            "min": 400.0,
            "25%": 3350.0,
            "50%": 4000.0,
            "75%": 4900.0,
            "max": 9000.0,
            "sum": 664850
        },
        "t3_credits": {
            "count": 165.0,
            "mean": 3910.3030303030305,
            "std": 1748.627484155622,
            "min": 650.0,
            "25%": 3150.0,
            "50%": 3750.0,
            "75%": 4900.0,
            "max": 9000.0,
            "sum": 645200
        },
        "t4_credits": {
            "count": 165.0,
            "mean": 4060.3030303030305,
            "std": 1802.187838482351,
            "min": 400.0,
            "25%": 3050.0,
            "50%": 3950.0,
            "75%": 5000.0,
            "max": 9000.0,
            "sum": 669950
        }
    },
    "categorical_stats": {
        "vandal": 56,
        "phantom": 48,
        "operator": 14,
        "sheriff": 12,
        "classic": 8,
        "ghost": 7,
        "stinger": 5,
        "judge": 3,
        "bulldog": 3,
        "odin": 2,
        "marshal": 2,
        "frenzy": 2,
        "outlaw": 1,
        "spectre": 1,
        "ares": 1
    }
}